metric,value
mean,357.2
median,305.0
p90,599.8
p99,1682.5
std_dev,268.6
count,2093
session_init_ms,84
wer,0.0248

word_index,latency_ms
0,477
1,617
2,392
3,300
4,770
5,442
6,328
7,238
8,526
9,380
10,756
11,558
12,479
13,479
14,130
15,483
16,552
17,304
18,209
19,277
20,152
21,63
22,127
23,29
24,370
25,206
26,162
27,93
28,306
29,171
30,48
31,97
32,380
33,339
34,86
35,202
36,447
37,359
38,179
39,179
40,294
41,587
42,409
43,285
44,698
45,551
46,293
47,438
48,242
49,360
50,98
51,455
52,292
53,176
54,305
55,237
56,583
57,481
58,420
59,125
60,291
61,121
62,78
63,329
64,118
65,215
66,25
67,681
68,461
69,219
70,170
71,123
72,22
73,195
74,65
75,313
76,113
77,86
78,153
79,798
80,300
81,447
82,99
83,515
84,355
85,196
86,463
87,611
88,120
89,322
90,552
91,100
92,444
93,376
94,400
95,197
96,187
97,179
98,135
99,253
100,603
101,401
102,303
103,287
104,294
105,512
106,275
107,77
108,502
109,875
110,465
111,526
112,211
113,222
114,173
115,375
116,133
117,324
118,151
119,536
120,291
121,302
122,418
123,10
124,201
125,500
126,102
127,162
128,561
129,309
130,243
131,199
132,300
133,229
134,110
135,280
136,373
137,271
138,460
139,604
140,494
141,450
142,293
143,349
144,210
145,95
146,215
147,174
148,317
149,245
150,260
151,506
152,505
153,366
154,495
155,477
156,375
157,375
158,254
159,162
160,205
161,300
162,251
163,152
164,310
165,290
166,292
167,225
168,566
169,467
170,306
171,318
172,582
173,417
174,455
175,567
176,709
177,559
178,301
179,387
180,389
181,234
182,32
183,410
184,189
185,204
186,197
187,100
188,584
189,365
190,301
191,304
192,311
193,39
194,465
195,263
196,300
197,295
198,84
199,71
200,389
201,286
202,279
203,480
204,164
205,304
206,118
207,343
208,177
209,302
210,291
211,337
212,457
213,289
214,39
215,252
216,385
217,199
218,164
219,601
220,397
221,394
222,280
223,153
224,711
225,288
226,684
227,802
228,704
229,370
230,296
231,484
232,571
233,270
234,268
235,428
236,230
237,308
238,305
239,180
240,104
241,270
242,290
243,119
244,403
245,584
246,228
247,586
248,503
249,209
250,472
251,35
252,951
253,476
254,470
255,260
256,492
257,185
258,448
259,550
260,298
261,100
262,320
263,560
264,298
265,594
266,584
267,111
268,383
269,592
270,286
271,638
272,633
273,415
274,567
275,490
276,634
277,536
278,439
279,292
280,77
281,480
282,480
283,192
284,367
285,169
286,393
287,572
288,369
289,514
290,251
291,172
292,317
293,390
294,463
295,332
296,359
297,77
298,172
299,375
300,373
301,489
302,484
303,482
304,297
305,130
306,86
307,528
308,165
309,466
310,19
311,370
312,857
313,502
314,488
315,696
316,614
317,275
318,221
319,72
320,625
321,392
322,283
323,600
324,261
325,872
326,872
327,612
328,408
329,489
330,427
331,473
332,138
333,446
334,304
335,185
336,264
337,190
338,89
339,307
340,173
341,489
342,184
343,215
344,227
345,12
346,238
347,184
348,288
349,177
350,312
351,249
352,286
353,177
354,228
355,16
356,679
357,620
358,520
359,519
360,203
361,282
362,418
363,471
364,437
365,80
366,688
367,658
368,618
369,588
370,390
371,306
372,260
373,80
374,782
375,729
376,611
377,491
378,443
379,163
380,185
381,479
382,403
383,33
384,282
385,80
386,405
387,198
388,278
389,279
390,172
391,497
392,29
393,752
394,677
395,647
396,577
397,685
398,385
399,100
400,581
401,423
402,376
403,190
404,186
405,181
406,59
407,171
408,578
409,371
410,79
411,383
412,381
413,321
414,1
415,211
416,439
417,299
418,399
419,383
420,65
421,517
422,96
423,467
424,212
425,474
426,516
427,115
428,104
429,492
430,110
431,288
432,381
433,177
434,296
435,502
436,499
437,296
438,140
439,298
440,186
441,333
442,188
443,68
444,102
445,194
446,80
447,249
448,279
449,395
450,69
451,539
452,520
453,418
454,588
455,675
456,481
457,390
458,290
459,169
460,434
461,156
462,220
463,123
464,106
465,123
466,206
467,83
468,36
469,533
470,282
471,239
472,351
473,70
474,65
475,88
476,222
477,94
478,90
479,102
480,173
481,86
482,146
483,1771
484,1720
485,1726
486,1345
487,1507
488,1289
489,1072
490,762
491,417
492,394
493,112
494,505
495,184
496,86
497,28
498,162
499,184
500,16
501,277
502,493
503,179
504,516
505,498
506,259
507,381
508,470
509,271
510,342
511,363
512,388
513,287
514,228
515,490
516,436
517,169
518,205
519,148
520,417
521,102
522,776
523,378
524,365
525,407
526,305
527,175
528,199
529,238
530,389
531,383
532,707
533,381
534,282
535,274
536,59
537,147
538,364
539,8
540,532
541,373
542,426
543,319
544,346
545,409
546,11
547,372
548,450
549,349
550,169
551,115
552,411
553,366
554,328
555,96
556,471
557,380
558,482
559,191
560,520
561,448
562,346
563,199
564,144
565,561
566,514
567,169
568,209
569,9
570,159
571,122
572,147
573,177
574,271
575,125
576,60
577,413
578,13
579,386
580,301
581,192
582,5
583,429
584,396
585,576
586,527
587,196
588,248
589,203
590,56
591,129
592,203
593,419
594,86
595,629
596,503
597,268
598,568
599,274
600,516
601,732
602,223
603,21
604,334
605,341
606,507
607,691
608,275
609,381
610,779
611,664
612,385
613,185
614,96
615,190
616,17
617,5
618,617
619,764
620,478
621,782
622,422
623,98
624,722
625,287
626,195
627,164
628,153
629,137
630,108
631,570
632,468
633,91
634,565
635,706
636,480
637,466
638,161
639,149
640,666
641,611
642,205
643,287
644,111
645,174
646,69
647,95
648,580
649,483
650,167
651,898
652,396
653,316
654,70
655,297
656,80
657,553
658,619
659,484
660,69
661,641
662,580
663,569
664,321
665,185
666,322
667,160
668,105
669,406
670,276
671,302
672,329
673,512
674,274
675,184
676,157
677,193
678,64
679,369
680,297
681,0
682,317
683,116
684,79
685,351
686,221
687,172
688,92
689,482
690,570
691,355
692,297
693,210
694,132
695,561
696,601
697,390
698,342
699,200
700,219
701,265
702,322
703,367
704,358
705,57
706,363
707,295
708,147
709,8
710,91
711,205
712,74
713,281
714,63
715,271
716,170
717,518
718,484
719,331
720,405
721,612
722,237
723,288
724,188
725,280
726,124
727,408
728,573
729,86
730,80
731,90
732,289
733,226
734,367
735,409
736,36
737,375
738,176
739,182
740,90
741,117
742,260
743,155
744,108
745,226
746,213
747,175
748,325
749,265
750,517
751,406
752,178
753,539
754,257
755,332
756,308
757,202
758,263
759,158
760,64
761,87
762,428
763,154
764,192
765,1
766,332
767,483
768,296
769,306
770,234
771,255
772,89
773,623
774,460
775,294
776,211
777,485
778,435
779,729
780,466
781,465
782,281
783,289
784,289
785,279
786,213
787,66
788,324
789,141
790,410
791,52
792,400
793,407
794,205
795,409
796,517
797,242
798,779
799,379
800,279
801,397
802,297
803,188
804,185
805,347
806,146
807,311
808,295
809,229
810,200
811,189
812,72
813,178
814,497
815,500
816,151
817,466
818,364
819,163
820,507
821,57
822,217
823,447
824,480
825,249
826,398
827,383
828,373
829,250
830,400
831,295
832,289
833,117
834,584
835,788
836,492
837,149
838,558
839,318
840,286
841,402
842,310
843,243
844,189
845,181
846,201
847,503
848,390
849,87
850,146
851,161
852,64
853,304
854,605
855,389
856,90
857,417
858,153
859,175
860,365
861,202
862,108
863,270
864,181
865,275
866,437
867,236
868,236
869,160
870,181
871,173
872,229
873,788
874,277
875,362
876,209
877,217
878,300
879,248
880,506
881,248
882,226
883,128
884,259
885,482
886,410
887,254
888,97
889,168
890,321
891,322
892,182
893,153
894,155
895,412
896,209
897,427
898,379
899,421
900,499
901,364
902,382
903,282
904,70
905,505
906,396
907,236
908,170
909,325
910,109
911,161
912,271
913,268
914,542
915,575
916,377
917,306
918,486
919,408
920,314
921,232
922,66
923,474
924,653
925,581
926,264
927,86
928,412
929,353
930,335
931,285
932,184
933,611
934,169
935,592
936,372
937,310
938,265
939,366
940,190
941,383
942,411
943,181
944,226
945,189
946,489
947,474
948,358
949,386
950,176
951,574
952,212
953,486
954,182
955,874
956,403
957,186
958,296
959,98
960,299
961,9
962,206
963,121
964,443
965,342
966,213
967,97
968,510
969,309
970,278
971,99
972,587
973,404
974,46
975,289
976,238
977,679
978,116
979,102
980,22
981,460
982,411
983,400
984,166
985,204
986,199
987,99
988,513
989,391
990,89
991,228
992,680
993,480
994,233
995,48
996,200
997,223
998,139
999,659
1000,320
1001,823
1002,167
1003,271
1004,429
1005,177
1006,285
1007,378
1008,447
1009,385
1010,627
1011,313
1012,371
1013,379
1014,261
1015,284
1016,92
1017,406
1018,262
1019,97
1020,442
1021,388
1022,43
1023,697
1024,448
1025,574
1026,292
1027,315
1028,253
1029,316
1030,261
1031,302
1032,214
1033,303
1034,97
1035,224
1036,398
1037,352
1038,71
1039,505
1040,268
1041,473
1042,52
1043,68
1044,402
1045,477
1046,1074
1047,515
1048,504
1049,565
1050,472
1051,217
1052,745
1053,593
1054,584
1055,197
1056,846
1057,560
1058,631
1059,530
1060,384
1061,191
1062,179
1063,388
1064,339
1065,273
1066,106
1067,217
1068,402
1069,207
1070,105
1071,419
1072,166
1073,128
1074,18
1075,63
1076,57
1077,649
1078,190
1079,84
1080,120
1081,98
1082,194
1083,79
1084,392
1085,294
1086,266
1087,186
1088,179
1089,66
1090,285
1091,593
1092,602
1093,591
1094,385
1095,294
1096,201
1097,137
1098,446
1099,34
1100,346
1101,278
1102,465
1103,488
1104,1885
1105,1793
1106,1722
1107,1765
1108,1485
1109,1131
1110,1062
1111,586
1112,526
1113,533
1114,24
1115,499
1116,616
1117,586
1118,283
1119,271
1120,63
1121,323
1122,222
1123,448
1124,186
1125,148
1126,473
1127,294
1128,450
1129,301
1130,125
1131,159
1132,178
1133,171
1134,379
1135,156
1136,226
1137,176
1138,96
1139,386
1140,216
1141,599
1142,311
1143,284
1144,334
1145,278
1146,563
1147,387
1148,431
1149,73
1150,661
1151,313
1152,305
1153,416
1154,299
1155,2447
1156,2399
1157,2126
1158,1620
1159,1719
1160,1537
1161,1473
1162,1229
1163,1058
1164,743
1165,666
1166,384
1167,557
1168,328
1169,269
1170,196
1171,470
1172,209
1173,569
1174,495
1175,479
1176,73
1177,563
1178,468
1179,65
1180,446
1181,469
1182,46
1183,504
1184,304
1185,441
1186,380
1187,84
1188,443
1189,389
1190,411
1191,597
1192,498
1193,68
1194,286
1195,581
1196,374
1197,284
1198,71
1199,483
1200,277
1201,108
1202,187
1203,391
1204,469
1205,171
1206,245
1207,198
1208,191
1209,191
1210,10
1211,629
1212,472
1213,472
1214,326
1215,458
1216,309
1217,652
1218,525
1219,370
1220,179
1221,518
1222,246
1223,495
1224,304
1225,284
1226,195
1227,285
1228,362
1229,785
1230,538
1231,403
1232,364
1233,354
1234,298
1235,190
1236,162
1237,176
1238,634
1239,162
1240,374
1241,188
1242,566
1243,567
1244,433
1245,203
1246,343
1247,266
1248,195
1249,481
1250,151
1251,203
1252,272
1253,170
1254,111
1255,237
1256,99
1257,481
1258,365
1259,306
1260,386
1261,320
1262,100
1263,360
1264,198
1265,101
1266,131
1267,379
1268,576
1269,426
1270,336
1271,473
1272,153
1273,289
1274,314
1275,62
1276,253
1277,190
1278,168
1279,181
1280,205
1281,297
1282,108
1283,459
1284,410
1285,369
1286,451
1287,344
1288,600
1289,148
1290,283
1291,499
1292,399
1293,209
1294,351
1295,95
1296,144
1297,269
1298,532
1299,74
1300,1102
1301,296
1302,402
1303,298
1304,55
1305,502
1306,203
1307,80
1308,207
1309,183
1310,207
1311,109
1312,388
1313,268
1314,551
1315,479
1316,241
1317,263
1318,210
1319,271
1320,189
1321,298
1322,176
1323,159
1324,315
1325,7
1326,494
1327,660
1328,695
1329,578
1330,364
1331,608
1332,240
1333,401
1334,234
1335,370
1336,309
1337,432
1338,187
1339,166
1340,197
1341,515
1342,365
1343,302
1344,135
1345,738
1346,149
1347,305
1348,208
1349,124
1350,79
1351,170
1352,243
1353,197
1354,66
1355,419
1356,318
1357,245
1358,218
1359,118
1360,391
1361,419
1362,72
1363,304
1364,305
1365,173
1366,568
1367,398
1368,423
1369,420
1370,400
1371,472
1372,398
1373,346
1374,189
1375,584
1376,482
1377,321
1378,221
1379,381
1380,221
1381,296
1382,194
1383,105
1384,400
1385,567
1386,440
1387,220
1388,181
1389,491
1390,409
1391,315
1392,468
1393,386
1394,462
1395,189
1396,166
1397,26
1398,207
1399,17
1400,649
1401,397
1402,401
1403,250
1404,309
1405,328
1406,564
1407,465
1408,154
1409,854
1410,937
1411,769
1412,810
1413,517
1414,494
1415,265
1416,427
1417,294
1418,468
1419,218
1420,494
1421,544
1422,401
1423,284
1424,475
1425,171
1426,266
1427,2
1428,447
1429,529
1430,519
1431,211
1432,215
1433,240
1434,281
1435,63
1436,194
1437,322
1438,481
1439,498
1440,293
1441,285
1442,209
1443,190
1444,186
1445,312
1446,305
1447,101
1448,188
1449,190
1450,118
1451,440
1452,233
1453,11
1454,506
1455,518
1456,306
1457,294
1458,480
1459,380
1460,339
1461,320
1462,316
1463,215
1464,679
1465,546
1466,585
1467,691
1468,667
1469,519
1470,308
1471,184
1472,376
1473,413
1474,497
1475,143
1476,237
1477,282
1478,477
1479,377
1480,126
1481,213
1482,418
1483,355
1484,77
1485,160
1486,32
1487,488
1488,343
1489,79
1490,545
1491,480
1492,521
1493,272
1494,260
1495,608
1496,210
1497,244
1498,192
1499,480
1500,283
1501,111
1502,492
1503,408
1504,338
1505,771
1506,369
1507,304
1508,205
1509,567
1510,221
1511,295
1512,279
1513,163
1514,253
1515,688
1516,318
1517,493
1518,384
1519,375
1520,157
1521,428
1522,231
1523,497
1524,324
1525,89
1526,265
1527,103
1528,169
1529,467
1530,122
1531,218
1532,294
1533,292
1534,277
1535,124
1536,64
1537,495
1538,138
1539,185
1540,366
1541,65
1542,410
1543,163
1544,292
1545,497
1546,281
1547,182
1548,88
1549,140
1550,437
1551,227
1552,78
1553,70
1554,683
1555,588
1556,804
1557,694
1558,399
1559,383
1560,589
1561,478
1562,372
1563,213
1564,619
1565,706
1566,335
1567,688
1568,488
1569,423
1570,177
1571,192
1572,74
1573,117
1574,287
1575,231
1576,271
1577,292
1578,340
1579,727
1580,315
1581,264
1582,209
1583,94
1584,554
1585,492
1586,570
1587,297
1588,422
1589,502
1590,376
1591,510
1592,199
1593,281
1594,207
1595,204
1596,602
1597,539
1598,505
1599,299
1600,327
1601,365
1602,571
1603,363
1604,326
1605,199
1606,485
1607,385
1608,385
1609,162
1610,260
1611,291
1612,237
1613,110
1614,439
1615,370
1616,306
1617,505
1618,402
1619,396
1620,390
1621,309
1622,428
1623,433
1624,431
1625,110
1626,477
1627,387
1628,375
1629,94
1630,465
1631,465
1632,405
1633,258
1634,286
1635,226
1636,359
1637,210
1638,279
1639,264
1640,143
1641,252
1642,193
1643,278
1644,164
1645,78
1646,496
1647,241
1648,178
1649,793
1650,793
1651,578
1652,563
1653,507
1654,463
1655,170
1656,273
1657,495
1658,193
1659,307
1660,550
1661,366
1662,475
1663,59
1664,292
1665,392
1666,336
1667,493
1668,238
1669,387
1670,329
1671,381
1672,93
1673,477
1674,274
1675,161
1676,80
1677,142
1678,220
1679,5
1680,275
1681,325
1682,180
1683,68
1684,166
1685,32
1686,671
1687,515
1688,503
1689,511
1690,316
1691,401
1692,175
1693,262
1694,371
1695,102
1696,547
1697,579
1698,318
1699,503
1700,217
1701,497
1702,676
1703,320
1704,392
1705,350
1706,194
1707,369
1708,162
1709,114
1710,182
1711,414
1712,84
1713,476
1714,721
1715,1872
1716,2051
1717,2037
1718,1688
1719,1575
1720,1179
1721,1166
1722,1354
1723,966
1724,766
1725,613
1726,538
1727,197
1728,335
1729,238
1730,617
1731,104
1732,220
1733,368
1734,809
1735,479
1736,231
1737,569
1738,466
1739,457
1740,394
1741,278
1742,359
1743,261
1744,404
1745,312
1746,270
1747,167
1748,381
1749,479
1750,426
1751,156
1752,204
1753,47
1754,108
1755,102
1756,373
1757,91
1758,471
1759,399
1760,219
1761,218
1762,272
1763,566
1764,698
1765,439
1766,679
1767,334
1768,543
1769,239
1770,297
1771,208
1772,379
1773,157
1774,221
1775,768
1776,187
1777,187
1778,362
1779,187
1780,84
1781,284
1782,346
1783,617
1784,600
1785,67
1786,147
1787,197
1788,71
1789,516
1790,478
1791,83
1792,503
1793,304
1794,677
1795,398
1796,70
1797,217
1798,278
1799,595
1800,216
1801,691
1802,56
1803,152
1804,102
1805,243
1806,205
1807,602
1808,285
1809,594
1810,382
1811,417
1812,414
1813,211
1814,206
1815,100
1816,12
1817,193
1818,482
1819,282
1820,237
1821,592
1822,398
1823,681
1824,220
1825,595
1826,599
1827,680
1828,1
1829,156
1830,614
1831,520
1832,350
1833,101
1834,205
1835,405
1836,475
1837,334
1838,63
1839,81
1840,393
1841,274
1842,371
1843,121
1844,164
1845,1885
1846,1329
1847,1407
1848,1158
1849,955
1850,855
1851,496
1852,153
1853,722
1854,641
1855,573
1856,603
1857,192
1858,578
1859,274
1860,189
1861,149
1862,203
1863,149
1864,558
1865,261
1866,30
1867,253
1868,202
1869,199
1870,276
1871,446
1872,182
1873,229
1874,200
1875,185
1876,75
1877,423
1878,521
1879,341
1880,277
1881,238
1882,262
1883,99
1884,44
1885,505
1886,102
1887,125
1888,651
1889,603
1890,256
1891,207
1892,305
1893,309
1894,310
1895,21
1896,531
1897,204
1898,503
1899,217
1900,127
1901,426
1902,83
1903,385
1904,364
1905,74
1906,407
1907,480
1908,183
1909,280
1910,179
1911,131
1912,103
1913,44
1914,511
1915,534
1916,376
1917,273
1918,121
1919,81
1920,404
1921,509
1922,570
1923,237
1924,311
1925,210
1926,485
1927,175
1928,272
1929,283
1930,160
1931,157
1932,174
1933,447
1934,411
1935,266
1936,187
1937,120
1938,180
1939,9
1940,173
1941,120
1942,76
1943,347
1944,208
1945,39
1946,108
1947,602
1948,359
1949,364
1950,270
1951,243
1952,291
1953,201
1954,368
1955,303
1956,653
1957,305
1958,302
1959,316
1960,277
1961,262
1962,164
1963,472
1964,160
1965,299
1966,523
1967,583
1968,480
1969,131
1970,300
1971,351
1972,437
1973,407
1974,567
1975,119
1976,332
1977,771
1978,273
1979,187
1980,198
1981,202
1982,443
1983,281
1984,99
1985,284
1986,360
1987,118
1988,245
1989,242
1990,359
1991,363
1992,412
1993,238
1994,340
1995,301
1996,433
1997,163
1998,276
1999,438
2000,238
2001,215
2002,2214
2003,2131
2004,1793
2005,1984
2006,1886
2007,1570
2008,1567
2009,1682
2010,1497
2011,1459
2012,1085
2013,1346
2014,864
2015,905
2016,890
2017,799
2018,602
2019,1016
2020,569
2021,267
2022,214
2023,796
2024,352
2025,629
2026,532
2027,511
2028,92
2029,458
2030,197
2031,51
2032,197
2033,195
2034,97
2035,169
2036,248
2037,317
2038,321
2039,455
2040,226
2041,739
2042,296
2043,364
2044,498
2045,312
2046,280
2047,770
2048,706
2049,640
2050,581
2051,485
2052,203
2053,482
2054,651
2055,521
2056,555
2057,513
2058,496
2059,342
2060,577
2061,194
2062,566
2063,322
2064,171
2065,328
2066,311
2067,600
2068,439
2069,559
2070,368
2071,415
2072,79
2073,143
2074,622
2075,76
2076,282
2077,40
2078,514
2079,71
2080,673
2081,640
2082,37
2083,502
2084,388
2085,427
2086,283
2087,427
2088,130
2089,444
2090,295
2091,84
2092,574
